time_s,probe_1_m2_s,probe_2_m2_s
0.0,2.956e-07,9.2635e-06
7.4257e-05,1.6194e-05,0.00032299
0.00014851,3.7405e-05,0.00061682
0.00029703,0.00010793,0.0011671
0.00044554,0.00022369,0.0016684
0.00074257,0.00053068,0.0026061
0.0010396,0.00085207,0.0035067
0.0013366,0.0011169,0.0044174
0.0019307,0.0015315,0.0062407
0.0025247,0.0019433,0.0079831
0.0031188,0.0024393,0.0096387
0.0037128,0.0029963,0.011245
0.004901,0.0041325,0.014358
0.0060891,0.0052792,0.017234
0.0072772,0.0064327,0.019815
0.0084653,0.0075781,0.022072
0.0096534,0.008698,0.024011
0.009658,0.0086893,0.023992
0.0096673,0.0086964,0.024006
0.0096859,0.0087128,0.024033
0.0097044,0.0087306,0.024061
0.0097416,0.0087655,0.024116
0.0097787,0.0088,0.024172
0.009853,0.0088691,0.024282
0.010001,0.0090059,0.0245
0.01015,0.0091408,0.024711
0.010447,0.0094097,0.025121
0.011041,0.0099144,0.025875
0.011635,0.010358,0.026554
0.012823,0.01096,0.027595
0.014011,0.011292,0.028321
0.016388,0.011337,0.028758
0.018764,0.011018,0.028312
0.02114,0.010477,0.027055
0.025892,0.0089687,0.021929
0.030645,0.0072505,0.014936
0.035397,0.0053277,0.0072624
0.04015,0.0032671,0.0006135
0.044427,0.0014665,0.0045486
0.048704,0.00030095,0.0073976
0.052981,0.0011133,0.0082748
0.056831,0.0013309,0.0076988
0.06068,0.00094553,0.0060738
0.06453,0.00021558,0.0037633
0.068379,0.0013551,0.0011342
0.072229,0.0028586,0.001581
0.076078,0.0027183,0.0046663
0.079928,0.0025865,0.0070532
0.080144,0.0026256,0.0071692
0.080577,0.0026191,0.0073782
0.08101,0.0026238,0.0075758
0.081443,0.0026464,0.007754
0.081877,0.0026857,0.0079105
0.082743,0.002825,0.0081229
0.084475,0.0032936,0.0082351
0.086207,0.003918,0.0080519
0.089672,0.005277,0.006813
0.093136,0.0062563,0.0050408
0.096601,0.0065975,0.0031154
0.10007,0.0062424,0.0013498
0.10353,0.0053202,0.00046063
0.10699,0.0037106,0.0014713
0.11046,0.0018394,0.0021508
0.11133,0.0013989,0.0022827
0.11306,0.00053352,0.0024582
0.11479,0.00056131,0.0025379
0.11825,0.0016829,0.0024
0.12098,0.0021008,0.0021357
0.1237,0.002046,0.0017367
0.12643,0.0015541,0.0012035
0.13188,0.00035937,0.00051844
0.13678,0.0017595,0.0015939
0.14169,0.0029525,0.0027491
0.14659,0.0036328,0.0036136
0.14937,0.0038758,0.003888
0.15215,0.004206,0.0030621
0.15466,0.0041358,0.0024138
0.15716,0.0037473,0.00184
0.15966,0.0031128,0.001357
0.16467,0.0015209,0.00062594
0.16968,0.00034755,0.00054872
0.17469,0.0014656,0.00096631
0.17919,0.0018315,0.0013242
0.1837,0.0014832,0.0015737
0.1882,0.00064108,0.0016139
0.19271,0.00064664,0.0013605
0.19721,0.0015872,0.00081682
0.20172,0.0021768,0.00050654
0.20623,0.0023262,0.0013401
0.21073,0.002062,0.0021488
0.21524,0.0018039,0.0026419
0.21974,0.0016442,0.0028066
0.22425,0.0015601,0.0027752
0.22875,0.0013251,0.0025899
0.23326,0.0010919,0.0022123
0.23777,0.00089777,0.0016878
0.24227,0.00074405,0.0011188
0.24678,0.00062785,0.00061889
0.24956,0.00056338,0.00040336
0.25235,0.00049569,0.0003729
0.25513,0.0004244,0.00047567
0.25653,0.00035015,0.000521
0.25792,0.00027894,0.00052718
0.25931,0.00066112,0.00047982
0.26071,0.0013455,0.00039498
0.2621,0.0022286,0.00035259
0.26349,0.0032625,0.00051866
0.26443,0.0040308,0.00070245
0.26537,0.0048834,0.00092604
0.2663,0.0058315,0.0011886
0.26724,0.0067972,0.0014672
0.26818,0.007749,0.0017541
0.27005,0.0093937,0.0022998
0.27193,0.01054,0.0027284
0.27568,0.0090125,0.0025093
0.27905,0.0046686,0.0013424
0.28243,0.0021896,0.00082537
0.2858,0.0092859,0.0030665
0.28882,0.014429,0.0048291
0.29146,0.017201,0.0058756
0.29409,0.017904,0.0062519
0.29673,0.016631,0.0059072
0.29937,0.01331,0.0053618
0.302,0.0029484,0.0073069
0.30357,0.014088,0.0087276
0.30513,0.024586,0.0099186
0.30669,0.033941,0.010976
0.30709,0.036042,0.011217
0.30787,0.04008,0.01173
0.30865,0.043546,0.012266
0.30943,0.046603,0.012823
0.31099,0.050631,0.014006
0.31256,0.052337,0.01519
0.31412,0.051658,0.016326
0.31569,0.048707,0.017322
0.31881,0.038084,0.018654
0.32194,0.021631,0.018603
0.32272,0.016791,0.018351
0.32428,0.0068727,0.017479
0.32585,0.0031802,0.01618
0.32741,0.011868,0.014524
0.32741,0.01174,0.014526
0.32741,0.011707,0.014525
0.32741,0.011704,0.014525
0.32741,0.011703,0.014524
0.32741,0.011704,0.014524
0.32741,0.011709,0.014522
0.32742,0.011722,0.014519
0.32742,0.011749,0.014513
0.32743,0.011804,0.014501
0.32745,0.011913,0.014478
0.32749,0.012128,0.01443
0.32757,0.012542,0.014337
0.32773,0.013346,0.014147
0.32789,0.014121,0.013954
0.3282,0.015593,0.01355
0.32884,0.018178,0.012685
0.32947,0.020376,0.011763
0.3301,0.022196,0.010783
0.33137,0.024376,0.0085777
0.33264,0.025174,0.0061965
0.33517,0.022701,0.0013061
0.3377,0.017797,0.0047839
0.34024,0.011999,0.0097496
0.34277,0.0066696,0.013991
0.3453,0.0030275,0.017226
0.34783,0.0024603,0.01929
0.35037,0.0028038,0.020169
0.3529,0.0041188,0.02032
0.35543,0.007674,0.019562
0.35797,0.012376,0.017872
0.3605,0.01705,0.015298
0.36303,0.020712,0.012024
0.36557,0.022667,0.0084548
0.36776,0.022487,0.0054578
0.36996,0.020563,0.0029478
0.37215,0.016957,0.0011496
0.37435,0.011408,0.00052344
0.37655,0.0048358,0.00057493
0.37852,0.0056183,0.00058756
0.3805,0.010097,0.0004796
0.38248,0.014011,0.00089389
0.38445,0.016421,0.0021341
0.38622,0.017339,0.0037621
0.388,0.016949,0.0057892
0.38977,0.015364,0.0080763
0.39154,0.012804,0.010449
0.39331,0.0095227,0.012713
0.39685,0.0029912,0.015601
0.40039,0.0026992,0.016106
0.40128,0.0037083,0.016067
0.40305,0.0051927,0.015333
0.40482,0.0059622,0.013958
0.40837,0.0052822,0.0093491
0.41191,0.0035485,0.0038032
0.41545,0.0019649,0.0018971
0.41848,0.001426,0.0059819
0.4215,0.0013654,0.0092449
0.42453,0.001593,0.011442
0.42755,0.002511,0.012596
0.42831,0.0028095,0.012763
0.42982,0.0035885,0.012952
0.43133,0.0044674,0.012917
0.43436,0.0061809,0.012158
0.43738,0.007481,0.010937
0.44344,0.0076515,0.007879
0.44873,0.0062789,0.0051972
0.45402,0.0042157,0.001048
0.45931,0.0015711,0.0022355
0.4633,0.0013437,0.0037778
0.46729,0.0027715,0.0048401
0.47128,0.0036048,0.0054004
0.47527,0.0036745,0.0054921
0.47926,0.0031038,0.0051471
0.48325,0.0021486,0.0044007
0.49123,0.00094516,0.001938
0.49921,0.0017177,0.00070966
0.50563,0.0022477,0.0023321
0.51205,0.0024723,0.0033883
0.51847,0.0025022,0.0037734
0.52489,0.0023261,0.0036278
0.53131,0.001869,0.0029633
0.53773,0.0014609,0.0020142
0.54415,0.0011031,0.0010124
0.55057,0.00085066,0.00030797
0.55218,0.00079669,0.00029046
0.55298,0.00075765,0.00032826
0.55378,0.00074099,0.00036209
0.55458,0.00081084,0.00037988
0.55619,0.0013888,0.00037015
0.55779,0.0023093,0.00029797
0.5594,0.0034506,0.00028533
0.56261,0.0063187,0.00078952
0.56582,0.00933,0.001636
0.56903,0.011345,0.0023401
0.57224,0.01087,0.0023723
0.57545,0.0071476,0.0013521
0.57708,0.0043364,0.0004841
0.57871,0.0013001,0.00093879
0.58035,0.0044169,0.0023816
0.58198,0.0094866,0.0039834
0.58361,0.014669,0.0056349
0.58524,0.019462,0.0072229
0.58688,0.023482,0.0086266
0.58698,0.023601,0.0086943
0.58718,0.024039,0.0088553
0.58739,0.024466,0.0090096
0.58759,0.024869,0.0091549
0.58777,0.025215,0.0092805
0.58814,0.025855,0.0095141
0.58888,0.026854,0.0098926
0.59035,0.027671,0.010247
0.59167,0.027423,0.010217
0.59431,0.023717,0.0088897
0.59696,0.017686,0.0065133
0.5996,0.0062778,0.0045723
0.60027,0.0015024,0.0046181
0.60159,0.011562,0.0052947
0.60274,0.021186,0.0057135
0.60389,0.029826,0.006076
0.60504,0.037524,0.0064602
0.60619,0.044133,0.0069309
0.60619,0.043987,0.0069281
0.60619,0.043993,0.0069281
0.60619,0.043998,0.0069282
0.60619,0.044005,0.0069286
0.6062,0.044016,0.0069293
0.6062,0.044039,0.0069309
0.60621,0.044083,0.006934
0.60622,0.044171,0.0069401
0.60625,0.044348,0.0069523
0.60631,0.044703,0.0069768
0.60644,0.0454,0.0070292
0.60668,0.046708,0.0071433
0.60718,0.049092,0.0074013
0.60767,0.051285,0.0076857
0.60866,0.054793,0.0083807
0.60954,0.057131,0.009098
0.61132,0.058279,0.0108
0.61309,0.055816,0.012555
0.61487,0.05021,0.014184
0.61664,0.042642,0.015626
0.61841,0.032796,0.016727
0.62019,0.021187,0.017349
0.62179,0.010074,0.017453
0.62338,0.0023467,0.017125
0.62498,0.011167,0.016404
0.62658,0.019109,0.015294
0.62697,0.020713,0.014958
0.62777,0.023533,0.0142
0.62857,0.025657,0.013317
0.63017,0.026761,0.01091
0.63176,0.025769,0.0080435
0.63336,0.023152,0.0048908
0.63496,0.019398,0.0015892
0.63656,0.014977,0.0023318
0.63815,0.010324,0.0058506
0.63975,0.0059968,0.0092179
0.64015,0.0050312,0.010027
0.64095,0.0033702,0.011613
0.64174,0.0028559,0.013113
0.64334,0.0042858,0.015692
0.64494,0.0057484,0.017759
0.64654,0.0060445,0.01926
0.64813,0.0051692,0.02019
0.64973,0.0036986,0.020585
0.65133,0.0033216,0.020497
0.65168,0.003752,0.02045
0.65239,0.0051353,0.020305
0.65303,0.0066853,0.020105
0.6543,0.010218,0.01944
0.65558,0.013795,0.018525
0.65685,0.017149,0.017384
0.6594,0.021724,0.014577
0.66163,0.02371,0.012023
0.66385,0.023653,0.0096377
0.66607,0.021731,0.007626
0.6683,0.018294,0.0060619
0.67052,0.013784,0.0049155
0.67274,0.0089162,0.0040362
0.6733,0.0078153,0.0038312
0.67441,0.0056251,0.0034588
0.67552,0.0042576,0.0033075
0.67775,0.0074381,0.0028312
0.67997,0.011264,0.0018177
0.68219,0.013913,0.00047533
0.68442,0.015526,0.0020864
0.68664,0.015508,0.0047249
0.68886,0.013753,0.0077946
0.69109,0.010474,0.011023
0.69331,0.0061602,0.014072
0.69553,0.0018994,0.016624
0.69776,0.0035259,0.018375
0.69998,0.0071083,0.019078
0.7022,0.0094721,0.01857
0.70443,0.010335,0.016792
0.70665,0.0095992,0.013797
0.70888,0.0075034,0.0097762
0.7111,0.0045012,0.0050499
0.71332,0.0015025,0.00061738
0.71555,0.0025722,0.0052261
0.71777,0.0051026,0.0097942
0.71999,0.006572,0.013573
0.72222,0.0060086,0.015831
0.72444,0.0041936,0.016955
0.72666,0.0016561,0.017037
0.72889,0.0023857,0.016271
0.73111,0.0055639,0.014903
0.73556,0.0099176,0.011618
0.73884,0.011365,0.0093375
0.74213,0.011132,0.0073951
0.74542,0.0095863,0.0058172
0.74871,0.0072397,0.0044946
0.75199,0.0032892,0.0031046
0.75528,0.0011632,0.0016472
0.75816,0.0028635,0.00046149
0.76104,0.0043035,0.0013623
0.76393,0.0049819,0.0028174
0.76681,0.004973,0.0041612
0.76969,0.0044546,0.0052764
0.77545,0.00145,0.0073346
0.78121,0.0012463,0.0072103
0.78593,0.0014168,0.0058474
0.79064,0.0012478,0.003761
0.79536,0.0010995,0.0014916
0.80009,0.0011159,0.00071947
0.80482,0.0013304,0.0023136
0.80956,0.0017334,0.0035489
0.81429,0.0022375,0.00418
0.81902,0.002675,0.0044821
0.82376,0.0029334,0.0044519
0.82852,0.0016014,0.0038565
0.83224,0.001108,0.0031612
0.83595,0.00095291,0.0022986
0.83967,0.00091056,0.0013836
0.8471,0.00087573,0.00057241
0.85041,0.0014036,0.00099228
0.85322,0.0019016,0.0012282
0.85603,0.0021287,0.0012964
0.85884,0.0013102,0.00098554
0.85945,0.0011314,0.00090367
0.86065,0.00084911,0.00068595
0.86185,0.0011363,0.00045947
0.86305,0.0020072,0.0003794
0.86545,0.0042308,0.00099705
0.86785,0.0068569,0.0019273
0.87265,0.01092,0.0035704
0.87745,0.010155,0.0036839
0.88226,0.0028648,0.0014004
0.88706,0.0098052,0.0029626
0.89108,0.019757,0.0067697
0.89471,0.025117,0.0091939
0.89561,0.02579,0.0095896
0.89607,0.026002,0.009745
0.89697,0.026138,0.0099464
0.8972,0.026098,0.0099681
0.89765,0.025968,0.0099892
0.8981,0.025745,0.0099691
0.89856,0.02543,0.0099085
0.89946,0.023838,0.0097074
0.89992,0.021511,0.0098281
0.90082,0.013067,0.011001
0.90173,0.00538,0.011891
0.90263,0.0023676,0.012546
0.90268,0.0027409,0.012575
0.90271,0.0029436,0.012592
0.90276,0.0033607,0.012627
0.90286,0.0041996,0.012694
0.90296,0.0050361,0.012759
0.90317,0.006705,0.012879
0.90357,0.009976,0.013091
0.90392,0.012684,0.01325
0.90461,0.017931,0.013516
0.90599,0.027654,0.013905
0.90737,0.036458,0.014179
0.90771,0.038531,0.014235
0.9084,0.042476,0.014357
0.90978,0.0489,0.014619
0.91116,0.053616,0.014914
0.91392,0.055477,0.015649
0.91668,0.05024,0.016134
0.91839,0.044465,0.016204
0.92009,0.036546,0.015948
0.92179,0.027195,0.015282
0.92349,0.017271,0.014301
0.9252,0.0070731,0.012938
0.9269,0.0031184,0.011171
0.92733,0.0053278,0.010674
0.92818,0.0096512,0.0095927
0.92903,0.013519,0.0084185
0.92988,0.016516,0.0071337
0.93073,0.018835,0.0057957
0.93244,0.021073,0.0028777
0.93414,0.021279,0.0010911
0.93584,0.019969,0.0036941
0.93754,0.017674,0.0067076
0.93925,0.014908,0.0094637
0.94095,0.012144,0.011871
0.94265,0.0098029,0.013862
0.94436,0.008217,0.015391
0.94606,0.0076049,0.016438
0.94947,0.0087678,0.017475
0.95287,0.013053,0.017024
0.95628,0.018429,0.015306
0.95968,0.022184,0.012411
0.96309,0.022269,0.008676
0.96649,0.018365,0.0049633
0.9699,0.011295,0.0022196
0.97331,0.0045054,0.00088862
0.97401,0.0058297,0.00077618
0.97437,0.0067637,0.0007422
0.97507,0.0089788,0.00070296
0.97578,0.011326,0.0006886
0.97648,0.013669,0.00068334
0.97719,0.015961,0.00068251
0.9786,0.019888,0.00065226
0.98001,0.023055,0.00056014
0.98143,0.025262,0.00046344
0.98425,0.025475,0.0016044
0.98679,0.022602,0.0034977
0.98933,0.017445,0.0057697
0.99187,0.011101,0.0080164
0.99442,0.0047622,0.0098292
0.99696,0.0020196,0.010881
0.9995,0.0052415,0.010997
1.0018,0.0074151,0.010331
