Time_s,NB_Pressure_Pa,LV_Pressure_Pa,BV_Pressure_Pa
0.0,4000.2,3999.7,3999.8
0.005,1868.0,3395.8,3367.7
0.01,2615.1,2574.8,2421.7
0.015,3925.0,2143.5,1875.0
0.02,4000.4,2237.9,1877.4
0.025,4000.1,2722.5,2304.3
0.03,3951.6,3294.9,3008.0
0.035,3770.9,3756.8,3720.6
0.04,3804.6,3987.3,4016.3
0.045,3941.8,4000.3,4000.4
0.05,4001.8,4000.6,4000.3
0.055,3999.7,4000.7,4000.0
0.06,3959.8,4000.0,3999.9
0.065,3910.3,3999.9,3997.9
0.07,3905.5,3991.2,3781.5
0.075,4334.9,4411.3,3542.4
0.08,4744.4,4579.8,3783.6
0.085,4800.0,4552.3,3872.1
0.09,4792.9,4616.2,4214.3
0.095,4766.4,4708.9,4522.9
0.1,4758.7,4775.9,4708.7
0.105,4755.3,4796.6,4788.8
0.11,4772.2,4792.1,4800.0
0.115,4798.6,4800.0,4800.0
0.12,4797.3,4800.0,4800.0
0.125,4773.0,4800.0,4800.0
0.13,4763.1,4796.4,4799.9
0.135,4768.6,4779.7,4784.5
0.14,4776.9,4753.0,4751.7
0.145,4779.6,4725.9,4717.0
0.15,4144.5,4341.8,4148.7
0.155,3500.1,3451.4,3450.7
0.16,3499.6,3478.0,3474.8
0.165,3469.8,3494.2,3491.7
0.17,3432.5,3500.2,3499.2
0.175,3447.4,3499.9,3500.0
0.18,3486.2,3500.0,3500.0
0.185,3498.9,3500.0,3500.0
0.19,3499.8,3500.0,3499.9
0.195,3475.6,3499.9,3498.6
0.2,3460.9,3498.1,3488.3
0.205,3464.1,3484.0,3474.4
0.21,3487.2,3461.7,3462.4
0.215,3499.1,3447.0,3456.2
0.22,3498.6,3441.9,3457.7
0.225,3298.5,3375.2,3185.7
0.23,2746.1,2679.6,2779.9
0.235,2789.1,2761.2,2793.0
0.24,2798.4,2774.8,2799.2
0.245,2799.7,2787.6,2800.0
0.25,2799.5,2797.9,2800.0
0.255,2794.0,2800.1,2800.0
0.26,2790.7,2800.0,2799.7
0.265,2793.8,2787.1,2800.5
0.27,2797.2,2754.8,2799.1
0.275,2798.2,2748.3,2805.4
0.28,2798.1,2783.4,2800.1
0.285,2797.6,2800.4,2799.8
0.29,2796.9,2800.1,2800.3
0.295,2797.1,2800.1,2798.8
0.3,3400.1,3066.7,3400.0
0.305,4002.1,4000.3,4000.2
0.31,3999.7,4000.5,4000.3
0.315,3836.1,4000.6,4000.2
0.32,2958.3,4000.7,3998.7
0.325,3284.1,4000.3,3999.6
0.33,3983.5,4000.3,3950.8
0.335,4000.4,3998.3,3602.8
0.34,3998.0,3698.7,3189.4
0.345,3880.4,3238.1,2996.5
0.35,3622.6,2984.1,3097.7
0.355,3769.7,3009.1,3336.0
0.36,3979.7,3308.6,3580.3
0.365,4000.1,3694.5,3763.7
0.37,4000.0,3939.8,3895.9
0.375,4317.7,4270.3,4437.4
0.38,4635.8,4798.3,4788.6
0.385,4752.5,4800.1,4800.2
0.39,4799.9,4800.4,4800.1
0.395,4800.3,4800.8,4796.5
0.4,4788.7,4800.7,4741.6
0.405,4749.0,4800.2,4675.7
0.41,4738.2,4799.8,4638.3
0.415,4773.1,4764.9,4633.8
0.42,4799.1,4571.4,4661.6
0.425,4790.7,4371.4,4713.7
0.43,4772.3,4301.6,4767.9
0.435,4769.6,4362.9,4797.0
0.44,4772.0,4481.1,4803.4
0.445,4776.1,4596.4,4800.4
0.45,4144.4,4384.2,4335.7
0.455,3500.3,3478.3,3348.7
0.46,3500.1,3460.9,3497.8
0.465,3468.5,3500.2,3499.4
0.47,3413.5,3500.3,3490.4
0.475,3441.8,3500.3,3462.8
0.48,3486.1,3500.2,3445.9
0.485,3495.7,3500.2,3443.7
0.49,3500.2,3500.2,3452.7
0.495,3488.3,3494.9,3467.2
0.5,3479.5,3484.7,3481.5
0.505,3480.4,3456.9,3492.4
0.51,3486.6,3434.6,3498.7
0.515,3493.9,3420.6,3500.2
0.52,3494.6,3344.4,3412.8
0.525,3171.9,3113.1,3205.9
0.53,2754.0,2816.5,2969.0
0.535,2792.8,2751.6,2755.8
0.54,2799.9,2768.9,2760.8
0.545,2800.0,2784.9,2788.2
0.55,2799.6,2795.5,2789.3
0.555,2796.4,2800.2,2807.7
0.56,2793.9,2797.8,2798.5
0.565,2795.3,2774.5,2801.3
0.57,2797.7,2751.6,2803.7
0.575,2798.9,2772.3,2801.8
0.58,2798.6,2800.9,2800.3
0.585,2798.0,2800.9,2801.0
0.59,2797.8,2800.5,2800.3
0.595,2797.5,2800.4,2800.0
0.6,3400.2,3400.2,3399.9
0.605,4001.5,4000.2,4000.1
0.61,3998.8,4000.3,4000.2
0.615,3771.0,4000.6,4000.2
0.62,2836.4,4000.6,3999.9
0.625,3196.1,4000.1,3999.2
0.63,3990.3,3999.7,3990.0
0.635,4000.5,3996.9,3753.9
0.64,4000.2,3678.4,3377.2
0.645,3827.5,3162.6,3161.1
0.65,3287.2,2932.4,3153.3
0.655,3628.0,3077.4,3304.4
0.66,3993.4,3441.1,3513.5
0.665,4002.9,3732.2,3709.3
0.67,4000.8,3869.2,3864.1
0.675,4074.6,4269.5,4299.8
0.68,4323.7,4767.0,4802.1
0.685,4647.3,4800.4,4800.2
0.69,4800.1,4801.0,4800.0
0.695,4800.4,4800.9,4800.0
0.7,4797.1,4801.2,4748.1
0.705,4722.1,4800.1,4641.0
0.71,4716.5,4800.3,4568.7
0.715,4769.3,4710.8,4587.3
0.72,4799.7,4262.3,4647.3
0.725,4797.1,4029.2,4717.6
0.73,4778.1,4130.6,4772.3
0.735,4768.1,4354.5,4798.0
0.74,4769.9,4529.9,4800.2
0.745,4775.0,4640.1,4800.2
0.75,4780.8,4709.2,4800.2
0.755,4800.1,4767.1,4800.1
0.76,4800.2,4799.2,4800.1
0.765,4788.7,4800.2,4795.5
0.77,4757.3,4741.9,4785.4
0.775,4048.3,3806.9,4091.3
0.78,3500.2,3547.5,3500.1
0.785,3500.2,3500.3,3500.1
0.79,3481.4,3500.6,3494.6
0.795,3445.3,3500.2,3485.1
0.8,3453.0,3489.4,3480.9
0.805,3487.4,3448.9,3482.5
0.81,3499.9,3420.6,3487.6
0.815,3500.0,3401.8,3493.0
0.82,3487.0,3393.5,3495.6
0.825,3476.6,3399.3,3496.0
0.83,3500.2,3420.6,3497.8
0.835,3500.3,3449.2,3500.6
0.84,3496.0,3477.6,3500.3
0.845,3468.6,3495.8,3500.2
0.85,3172.9,2930.1,3142.8
0.855,2769.2,2799.0,2795.9
0.86,2773.7,2800.2,2800.7
0.865,2798.3,2788.0,2800.5
0.87,2800.3,2744.6,2800.7
0.875,2794.5,2714.5,2801.2
0.88,2778.9,2741.0,2800.7
0.885,2784.6,2794.1,2800.3
0.89,2795.2,2802.5,2800.2
0.895,2800.3,2800.6,2800.2
0.9,3280.5,3274.0,3280.4
0.905,4002.0,4000.3,4000.4
0.91,3999.8,4000.3,4000.6
0.915,3827.1,4000.4,4000.4
0.92,2922.4,4000.2,3999.9
0.925,3272.1,4000.0,3997.3
0.93,3990.4,3999.9,3997.7
0.935,4000.4,3950.7,3816.4
0.94,4000.1,3636.1,3479.0
0.945,3865.0,3315.9,3266.6
0.95,3377.2,3190.8,3313.4
0.955,3647.1,3293.2,3485.2
0.96,3998.8,3552.1,3691.9
0.965,4000.4,3819.2,3857.8
0.97,4000.6,3958.7,3965.6
0.975,3858.0,3991.7,4003.9
0.98,3698.2,3995.7,4000.2
0.985,3872.7,4000.2,4000.3
0.99,4006.6,4000.3,4000.4
0.995,4000.2,4000.4,4000.2
1.0,3999.0,4000.3,4000.2
