Time (s),NB (Pa),LV (Pa),BV (Pa)
0.0,11000.0,11000.0,11000.0
0.005,11000.0,11000.0,11000.0
0.01,11000.0,11000.0,11000.0
0.015,11000.0,11000.0,11000.0
0.02,10922.0,11000.0,11000.0
0.025,10948.0,11000.0,11000.0
0.03,11004.0,11000.0,11000.0
0.035,11000.0,11000.0,11000.0
0.04,11000.0,11000.0,11000.0
0.045,11000.0,10999.0,10942.0
0.05,11000.0,10993.0,10833.0
0.055,11000.0,10982.0,10803.0
0.06,11000.0,10986.0,10880.0
0.065,11000.0,11000.0,10973.0
0.07,11000.0,11000.0,11000.0
0.075,11399.0,11495.0,11232.0
0.08,11704.0,11797.0,11800.0
0.085,11800.0,11800.0,11800.0
0.09,11800.0,11800.0,11800.0
0.095,11800.0,11800.0,11800.0
0.1,11800.0,11800.0,11800.0
0.105,11799.0,11800.0,11799.0
0.11,11773.0,11798.0,11780.0
0.115,11794.0,11792.0,11744.0
0.12,11798.0,11770.0,11732.0
0.125,11800.0,11773.0,11743.0
0.13,11800.0,11793.0,11776.0
0.135,11800.0,11800.0,11795.0
0.14,11800.0,11800.0,11800.0
0.145,11800.0,11800.0,11800.0
0.15,11150.0,11425.0,11231.0
0.155,10500.0,10497.0,10499.0
0.16,10479.0,10500.0,10499.0
0.165,10501.0,10500.0,10500.0
0.17,10500.0,10496.0,10499.0
0.175,10500.0,10477.0,10489.0
0.18,10500.0,10473.0,10483.0
0.185,10500.0,10482.0,10486.0
0.19,10500.0,10495.0,10494.0
0.195,10500.0,10496.0,10498.0
0.2,10500.0,10498.0,10500.0
0.205,10500.0,10500.0,10500.0
0.21,10500.0,10500.0,10500.0
0.215,10500.0,10500.0,10500.0
0.22,10500.0,10500.0,10500.0
0.225,10310.0,10432.0,10218.0
0.23,9762.2,9730.0,9800.1
0.235,9800.2,9799.9,9799.0
0.24,9799.0,9800.2,9790.2
0.245,9799.6,9800.0,9789.7
0.25,9800.3,9800.0,9793.2
0.255,9800.2,9800.0,9796.7
0.26,9800.1,9786.6,9800.7
0.265,9800.1,9715.2,9800.3
0.27,9800.0,9572.3,9800.0
0.275,9800.0,9574.6,9802.2
0.28,9800.0,9738.6,9799.7
0.285,9800.0,9801.0,9799.8
0.29,9800.0,9800.7,9785.2
0.295,9800.0,9800.3,9733.0
0.3,10256.0,10059.0,10275.0
0.305,8142.6,10009.0,9347.5
0.31,10912.0,7610.3,8452.8
0.315,11000.0,7369.3,9163.8
0.32,11000.0,9283.6,10452.0
0.325,11000.0,10949.0,10981.0
0.33,10732.0,11000.0,11006.0
0.335,10641.0,11000.0,11000.0
0.34,10974.0,11000.0,11000.0
0.345,11000.0,11001.0,11000.0
0.35,11000.0,11002.0,11000.0
0.355,10990.0,11001.0,11000.0
0.36,10988.0,11002.0,11000.0
0.365,11000.0,11007.0,10979.0
0.37,11000.0,11001.0,10850.0
0.375,11398.0,11274.0,11159.0
0.38,11735.0,11616.0,11499.0
0.385,11800.0,11259.0,11632.0
0.39,11800.0,11336.0,11749.0
0.395,11800.0,11663.0,11800.0
0.4,11800.0,11794.0,11800.0
0.405,11795.0,11800.0,11800.0
0.41,11794.0,11800.0,11800.0
0.415,11800.0,11798.0,11800.0
0.42,11800.0,11799.0,11800.0
0.425,11800.0,11804.0,11800.0
0.43,11798.0,11800.0,11799.0
0.435,11799.0,11800.0,11789.0
0.44,11800.0,11800.0,11782.0
0.445,11799.0,11800.0,11781.0
0.45,11147.0,11487.0,11323.0
0.455,10495.0,10500.0,10343.0
0.46,10474.0,10495.0,10490.0
0.465,10500.0,10475.0,10499.0
0.47,10500.0,10446.0,10500.0
0.475,10500.0,10439.0,10500.0
0.48,10500.0,10455.0,10500.0
0.485,10499.0,10477.0,10500.0
0.49,10499.0,10494.0,10500.0
0.495,10500.0,10499.0,10500.0
0.5,10500.0,10500.0,10499.0
0.505,10500.0,10500.0,10498.0
0.51,10500.0,10500.0,10497.0
0.515,10499.0,10500.0,10497.0
0.52,10499.0,10429.0,10409.0
0.525,10181.0,10194.0,10203.0
0.53,9767.3,9882.0,9968.6
0.535,9799.4,9800.2,9759.8
0.54,9799.9,9800.3,9768.7
0.545,9800.0,9800.3,9798.4
0.55,9800.2,9800.2,9799.2
0.555,9800.0,9792.7,9802.0
0.56,9799.8,9731.1,9800.2
0.565,9800.0,9597.8,9801.1
0.57,9800.2,9495.1,9801.7
0.575,9800.2,9629.3,9800.3
0.58,9800.2,9804.6,9800.0
0.585,9800.1,9806.4,9782.4
0.59,9800.1,9800.9,9714.4
0.595,9800.1,9800.6,9752.8
0.6,10256.0,10398.0,10382.0
0.605,7508.4,8814.6,9632.8
0.61,11001.0,6328.5,8369.4
0.615,11000.0,7408.8,9120.8
0.62,11001.0,10089.0,10403.0
0.625,11000.0,11001.0,10984.0
0.63,10608.0,11000.0,11000.0
0.635,10526.0,11000.0,11000.0
0.64,11001.0,11000.0,11000.0
0.645,11000.0,10905.0,11000.0
0.65,11000.0,10980.0,11000.0
0.655,10988.0,11001.0,11000.0
0.66,10815.0,11002.0,11000.0
0.665,10994.0,11001.0,10996.0
0.67,11000.0,10996.0,10926.0
0.675,11295.0,11338.0,11170.0
0.68,11635.0,11521.0,11561.0
0.685,11778.0,11306.0,11656.0
0.69,11800.0,11459.0,11758.0
0.695,11800.0,11759.0,11800.0
0.7,11800.0,11802.0,11800.0
0.705,11794.0,11800.0,11800.0
0.71,11799.0,11800.0,11800.0
0.715,11800.0,11775.0,11800.0
0.72,11800.0,11665.0,11800.0
0.725,11800.0,11742.0,11800.0
0.73,11798.0,11800.0,11799.0
0.735,11799.0,11800.0,11796.0
0.74,11800.0,11801.0,11792.0
0.745,11800.0,11800.0,11791.0
0.75,11795.0,11800.0,11785.0
0.755,11741.0,11795.0,11778.0
0.76,11790.0,11736.0,11782.0
0.765,11801.0,11707.0,11794.0
0.77,11800.0,11666.0,11799.0
0.775,11057.0,10786.0,11108.0
0.78,10500.0,10517.0,10500.0
0.785,10476.0,10493.0,10500.0
0.79,10485.0,10500.0,10500.0
0.795,10500.0,10500.0,10496.0
0.8,10500.0,10500.0,10492.0
0.805,10500.0,10501.0,10493.0
0.81,10500.0,10501.0,10497.0
0.815,10499.0,10500.0,10500.0
0.82,10499.0,10500.0,10500.0
0.825,10498.0,10500.0,10498.0
0.83,10427.0,10500.0,10485.0
0.835,10488.0,10499.0,10474.0
0.84,10500.0,10498.0,10482.0
0.845,10500.0,10498.0,10497.0
0.85,10204.0,9930.6,10142.0
0.855,9800.4,9798.9,9798.4
0.86,9797.7,9799.4,9800.2
0.865,9758.7,9735.7,9800.4
0.87,9788.8,9591.4,9800.6
0.875,9800.2,9508.9,9801.4
0.88,9800.4,9636.3,9799.7
0.885,9800.4,9804.4,9799.3
0.89,9799.8,9804.7,9800.7
0.895,9798.0,9801.0,9801.6
0.9,10128.0,10273.0,10210.0
0.905,8059.9,10186.0,9430.4
0.91,10927.0,7405.3,8714.2
0.915,11000.0,6897.8,9518.3
0.92,11000.0,8883.7,10571.0
0.925,11000.0,10812.0,10964.0
0.93,10715.0,11000.0,11000.0
0.935,10626.0,11000.0,11000.0
0.94,11006.0,11000.0,11000.0
0.945,11000.0,11001.0,11000.0
0.95,11000.0,11001.0,11001.0
0.955,10985.0,11002.0,11000.0
0.96,10926.0,11001.0,11000.0
0.965,10997.0,10996.0,10994.0
0.97,11000.0,10985.0,10955.0
0.975,11000.0,10827.0,10792.0
0.98,10963.0,10075.0,10644.0
0.985,10920.0,9957.3,10691.0
0.99,10981.0,10489.0,10833.0
0.995,11000.0,10935.0,10946.0
1.0,11000.0,11000.0,10998.0
